Est,Bogey
Total_GrowthEst_GDPTerms,USARGDP_chng_offset
Total_GrowthEst_Z,USARGDP_chng_offset_120mZ
Consumption_GrowthEst_GDPTerms,USARGDP_chng_offset
Consumption_GrowthEst_Z,USARGDP_chng_offset_120mZ
Employment_GrowthEst_GDPTerms,USARGDP_chng_offset
Employment_GrowthEst_Z,USARGDP_chng_offset_120mZ
Housing_GrowthEst_GDPTerms,USARGDP_chng_offset
Housing_GrowthEst_Z,USARGDP_chng_offset_120mZ
Production_GrowthEst_GDPTerms,USARGDP_chng_offset
Production_GrowthEst_Z,USARGDP_chng_offset_120mZ
USAAutoSales_1x6mma_120mZ,USARGDP_chng_offset_120mZ
USAConsConf_1x6mma_120mZ,USARGDP_chng_offset_120mZ
USAConstExpend_1x6mma_120mZ,USARGDP_chng_offset_120mZ
USADurGoods_1x6mma_120mZ,USARGDP_chng_offset_120mZ
USADurGoodsxTrans_1x6mma_120mZ,USARGDP_chng_offset_120mZ
USAEmpStateManuf_120mZ,USARGDP_chng_offset_120mZ
USAExistHomeSales_1x6mma_120mZ,USARGDP_chng_offset_120mZ
USAHomePermits_1x6mma_120mZ,USARGDP_chng_offset_120mZ
USAHomeStarts_1x6mma_120mZ,USARGDP_chng_offset_120mZ
USAIndProd_1x6mma_120mZ,USARGDP_chng_offset_120mZ
USAInitClaims_1x6mma_Inverted_120mZ,USARGDP_chng_offset_120mZ
USANAHB_120mZ,USARGDP_chng_offset_120mZ
USANewHomeSales_1x6mma_120mZ,USARGDP_chng_offset_120mZ
USANewOrdersManufxTrans_1x6mma_120mZ,USARGDP_chng_offset_120mZ
USAPendHomeSales_1x6mma_120mZ,USARGDP_chng_offset_120mZ
USAPMIChicago_120mZ,USARGDP_chng_offset_120mZ
USAPMIManuf_120mZ,USARGDP_chng_offset_120mZ
USAPMIServices_120mZ,USARGDP_chng_offset_120mZ
USARetSales_1x6mma_120mZ,USARGDP_chng_offset_120mZ
USATippEconOpt_120mZ,USARGDP_chng_offset_120mZ
USATotEmp_1x6mma_120mZ,USARGDP_chng_offset_120mZ
